mz,z,ppm,pep2.sequence,pep1.sequence,pep2.xlinked_aa,pep2.accession,pep1.xlinked_aa,pep1.accession,pep2.res,pep1.res,SVM dval,dists (CA),no spect,,,,,
852.150,7,2.6,K(4334.0801)TVGSSNGGLIHVVTR,NSLGNVIQFIYGEDGMDAAHIEK(1761.9737)QSLDTIGGSDAAFEKR,620,Rpb1,880,Rpb1,620.Rpb1,880.Rpb1,9.37,15.1,9,,,,,
1013.239,3,-5.8,FISTLQVK(1612.8937)LYGR,K(1561.8868)AAPSPISHVAEIR,257,Rpb2,228,Rpb2,257.Rpb2,228.Rpb2,8.16,10.4,18,,,,,
931.488,5,-1.1,K(2730.3534)VLFAAYKVEHPFFAR,IQTTEGYDPKDALK(2060.1248)NAC(Carbamidomethyl)NSIINK,55,Rpb11,88,Rpb11,55.Rpb11,88.Rpb11,8.07,13.3,14,,,,,
989.741,5,1.9,GPQVC(Carbamidomethyl)AK(3384.8293)LFGNIQK,LKIDPDTK(1696.8971)APNAVVITFEKEDHTLGNLIR,644,Rpb1,26,Rpb11,644.Rpb1,26.Rpb11,6.83,18.4,11,,,,,
926.873,5,0.5,EGLIDTAVK(2665.3058)TAETGYIQR,NMK(2102.0895)TPSLTVYLEPGHAADQEQAK,830,Rpb1,1112,Rpb1,830.Rpb1,1112.Rpb1,6.62,17.7,9,,,,,
974.189,3,2.5,HMVDDK(1698.9305)IHAR,TTK(1358.6765)IPQIGDKFASR,1102,Rpb2,972,Rpb2,1102.Rpb2,972.Rpb2,6.49,14.1,62,,,,,
865.796,6,3.6,NIGHPIIQDK(3084.6026)EGNGVLIC(Carbamidomethyl)K,IREASK(2242.1780)DNVDFILSNVDLAMANSLRR,137,Rpb3,15,Rpb3,137.Rpb3,15.Rpb3,6.48,14.7,25,,,,,
1094.121,7,0.7,TYEAIDVPGRELKYELIAEESEDDSESGK(3807.9182)VFIGR,KYEISFGK(3981.9371)IYVTKPMVNESDGVTHALYPQEAR,164,Rpb2,94,Rpb2,164.Rpb2,94.Rpb2,6.25,9.7,1,,,,,
834.195,4,-0.5,1799.9206-M(Met-loss)VGQQYSSAPLRTVK,AGDIQLQYGWK(1670.8992)VER,1,Rpb1,431,Rpb1,1.Rpb1,431.Rpb1,6.21,NA,46,,,,,
1290.353,3,5.6,NGPNEHPGAK(2317.2206)YVIR,SIAK(1688.8635)TLTYPEVVTPYNIDR,403,Rpb1,372,Rpb1,403.Rpb1,372.Rpb1,6.06,8.7,42,,,,,
723.427,5,5.0,ATLPYIK(1612.8937)QDIPIVIIFR,K(2137.2551)AAPSPISHVAEIR,277,Rpb2,228,Rpb2,277.Rpb2,228.Rpb2,6.02,21.5,2,,,,,
945.020,6,2.1,LKIDPDTKAPNAVVITFEK(2417.3054)EDHTLGNLIR,TVISGDPNLELDQVGVPK(3384.8293)SIAK,37,Rpb11,368,Rpb1,37.Rpb11,368.Rpb1,5.99,20.2,10,,,,,
864.124,3,0.5,HMVDDK(1368.7402)IHAR,IPQIGDK(1358.6765)FASR,1102,Rpb2,979,Rpb2,1102.Rpb2,979.Rpb2,5.94,11.9,19,,,,,
844.703,4,1.1,GIDTLQK(2473.2563)K,Acetyl-MNAPDRFELFLLGEGESK(1039.5914)LK,253,Rpb3,18,Rpb11,253.Rpb3,18.Rpb11,5.85,13.9,2,,,,,
1035.306,4,0.4,K(2779.4909)GDINPEVSMIR,VYRPLFIVEDDESLGHKELK(1495.7705)VR,606,Rpb2,652,Rpb2,606.Rpb2,652.Rpb2,5.59,13.9,43,,,,,
1095.953,3,1.0,LK(2258.1907)EILNVAK,EGLIDTAVK(1164.7118)TAETGYIQRR,1102,Rpb1,830,Rpb1,1102.Rpb1,830.Rpb1,5.58,10.6,24,,,,,
1143.633,3,1.7,TLKEK(2002.0411)AIPKDQR,TVK(1563.8984)EVQFGLFSPEEVR,72,Rpb6,15,Rpb1,72.Rpb6,15.Rpb1,5.53,17.9,34,,,,,
795.117,3,1.0,YRLK(1093.6019)ESQLPR,Q(Gln->pyro-Glu)ALAIK(1426.7932)DSK,171,Rpb5,129,Rpb1,171.Rpb5,129.Rpb1,5.51,15.1,67,,,,,
786.926,4,0.6,EK(2060.0691)AIPKDQR,GRILPTDGSAEFNVK(1221.6717)YR,72,Rpb6,73,Rpb7,72.Rpb6,73.Rpb7,5.44,18.0,51,,,,,
676.664,3,-4.6,TAYHSK(1165.5325)R,SYMDQEK(999.5138)K,934,Rpb2,864,Rpb2,934.Rpb2,864.Rpb2,5.40,15.3,3,,,,,
843.449,4,-1.6,AK(2330.1940)IGGLNDPR,AISVAK(1177.6455)IRFPETMDETQTR,49,Rpb1,34,Rpb1,49.Rpb1,34.Rpb1,5.21,13.7,16,,,,,
1039.910,5,1.2,HTDYWYEQDSAK(2897.5022)EWPQSK,VAALSGNEGDASPFTDITVEGISK(2435.0706)LLR,199,Rpb3,1057,Rpb2,199.Rpb3,1057.Rpb2,5.20,13.1,42,,,,,
897.138,3,0.4,HGQK(1358.6765)GTIGITYR,HMVDDK(1467.7834)IHAR,987,Rpb2,1102,Rpb2,987.Rpb2,1102.Rpb2,5.20,17.6,15,,,,,
1007.298,5,0.5,GSFINIAQMSAC(Carbamidomethyl)VGQQSVEGK(2665.3058)R,NMK(2504.2152)TPSLTVYLEPGHAADQEQAK,773,Rpb1,1112,Rpb1,773.Rpb1,1112.Rpb1,4.92,18.2,2,,,,,
674.396,3,-0.9,K(1039.5914)GIAKEHAK,GIDTLQK(1118.6448)K,161,Rpb3,253,Rpb3,161.Rpb3,253.Rpb3,4.74,17.5,23,,,,,
907.507,4,0.8,VK(2417.3054)VIPYSTFR,TVISGDPNLELDQVGVPK(1346.7598)SIAK,461,Rpb1,368,Rpb1,461.Rpb1,368.Rpb1,4.52,9.3,34,,,,,
1069.896,3,1.2,2002.0411-M(Met-loss)VGQQYSSAPLR,TVK(1342.6881)EVQFGLFSPEEVR,1,Rpb1,15,Rpb1,1.Rpb1,15.Rpb1,4.46,NA,2,,,,,
603.695,3,0.5,LKGK(1021.5920)EGR,DGK(924.5393)LAKPR,332,Rpb1,507,Rpb2,332.Rpb1,507.Rpb2,4.40,NA,19,,,,,
970.786,4,1.9,LVIK(2710.3913)EALVER,EK(1306.7860)ELESIDVLLEQTTGGNNKDLK,60,Rpb4,121,Rpb4,60.Rpb4,121.Rpb4,4.39,14.6,4,,,,,
1061.397,7,-0.8,TYEAIDVPGRELKYELIAEESEDDSESGK(2855.4164)VFIGRLPIMLR,IYVTK(4705.3837)PMVNESDGVTHALYPQEAR,164,Rpb2,99,Rpb2,164.Rpb2,99.Rpb2,4.31,15.8,3,,,,,
802.618,5,0.2,VVRPK(1711.9179)SLDAETEAEEDHMLK,K(2434.2050)IENTMLENITLR,1246,Rpb1,1262,Rpb1,1246.Rpb1,1262.Rpb1,4.23,NA,2,,,,,
725.096,3,1.6,YRLK(883.5379)ESQLPR,KTLK(1426.7932)EK,171,Rpb5,70,Rpb6,171.Rpb5,70.Rpb6,4.17,NA,16,,,,,
544.073,4,0.1,K(1426.7932)TLKEK,YRLK(883.5379)ESQLPR,67,Rpb6,171,Rpb5,67.Rpb6,171.Rpb5,4.16,NA,47,,,,,
839.840,5,-1.0,AISVAK(2002.0411)IRFPETMDETQTR,TVK(2330.1940)EVQFGLFSPEEVR,34,Rpb1,15,Rpb1,34.Rpb1,15.Rpb1,4.15,33.6,2,,,,,
791.689,4,0.2,EKGPQVC(Carbamidomethyl)AK(1346.7598)LFGNIQK,VK(1954.0346)VIPYSTFR,644,Rpb1,461,Rpb1,644.Rpb1,461.Rpb1,4.09,16.0,2,,,,,
634.371,4,-1.5,LK(1563.8984)ESQLPR,TLKEK(1107.6288)AIPKDQR,171,Rpb5,72,Rpb6,171.Rpb5,72.Rpb6,4.02,16.0,33,,,,,
697.916,4,-0.2,LK(1760.9897)EILNVAK,TNTPIGRDGK(1164.7118)LAKPR,1102,Rpb1,507,Rpb2,1102.Rpb1,507.Rpb2,3.96,NA,55,,,,,
1079.616,3,3.1,K(1760.9897)AAPSPISHVAEIR,TNTPIGRDGK(1612.8937)LAKPR,228,Rpb2,507,Rpb2,228.Rpb2,507.Rpb2,3.89,NA,78,,,,,
831.456,3,-2.1,GK(1221.6717)NEIIQNAQR,EKAIPK(1407.7470)DQR,1003,Rpb1,76,Rpb6,1003.Rpb1,76.Rpb6,3.87,13.6,8,,,,,
683.753,3,0.8,DGKLAK(1164.7118)PR,LK(1021.5920)EILNVAK,510,Rpb2,1102,Rpb1,510.Rpb2,1102.Rpb1,3.82,21.0,8,,,,,
674.397,3,0.8,KGIAK(1039.5914)EHAK,GIDTLQK(1118.6448)K,165,Rpb3,253,Rpb3,165.Rpb3,253.Rpb3,3.80,16.8,11,,,,,
900.494,3,1.6,HGQK(1368.7402)GTIGITYR,IPQIGDK(1467.7834)FASR,987,Rpb2,979,Rpb2,987.Rpb2,979.Rpb2,3.75,7.2,23,,,,,
950.209,4,-2.0,2592.1923-M(Met-loss)VGQQYSSAPLR,FGEMERDC(Carbamidomethyl)MIAHGAASFLK(1342.6881)ER,1,Rpb1,1148,Rpb2,1.Rpb1,1148.Rpb2,3.75,NA,3,,,,,
567.325,3,-1.3,LKGK(912.4851)EGR,GNLMGK(924.5393)R,332,Rpb1,343,Rpb1,332.Rpb1,343.Rpb1,3.72,11.8,9,,,,,
1170.274,3,-1.0,K(2665.3058)VTSGVPR,NMK(980.5655)TPSLTVYLEPGHAADQEQAK,1093,Rpb1,1112,Rpb1,1093.Rpb1,1112.Rpb1,3.72,11.4,17,,,,,
502.810,4,0.8,LK(980.5655)EILNVAK,K(1164.7118)VTSGVPR,1102,Rpb1,1093,Rpb1,1102.Rpb1,1093.Rpb1,3.70,17.8,9,,,,,
1002.854,6,0.3,SVVHPGEMVGVLAAQSIGEPATQMTLNTFHFAGVASK(2102.0895)K,EGLIDTAVK(4047.0598)TAETGYIQR,1092,Rpb1,830,Rpb1,1092.Rpb1,830.Rpb1,3.70,20.2,2,,,,,
832.050,5,4.1,K(2797.4943)GDINPEVSMIR,LM(Oxidation)ETLRTLRRK(1495.7705)GDINPEVSM(Oxidation)IR,606,Rpb2,606,Rpb2,606.Rpb2,606.Rpb2,3.45,NA,1,,,,,
712.188,5,1.7,K(2792.5126)SETSGR,K(901.4505)FLREVFVDGEANWPLPVNIRR,201,Rpb5,941,Rpb1,201.Rpb5,941.Rpb1,3.35,13.2,5,,,,,
642.054,3,0.8,LK(1136.6666)GKEGR,SGRPVK(924.5393)SIR,330,Rpb1,323,Rpb1,330.Rpb1,323.Rpb1,3.34,11.0,72,,,,,
709.565,5,1.2,MK(1342.6881)HGTYDKLDDDGLIAPGVR,2338.1627-M(Met-loss)VGQQYSSAPLR,886,Rpb2,1,Rpb1,886.Rpb2,1.Rpb1,3.32,NA,1,,,,,
643.350,3,0.5,LSSDEK(1093.6019)R,Q(Gln->pyro-Glu)ALAIK(971.4924)DSK,161,Rpb5,129,Rpb1,161.Rpb5,129.Rpb1,3.31,22.1,3,,,,,
722.115,3,1.8,K(1169.6366)IPLVIRR,IAMK(1131.7492)ELAEK,129,Rpb6,123,Rpb6,129.Rpb6,123.Rpb6,3.26,8.6,7,,,,,
706.155,4,0.2,KK(1890.9986)VLDVTK,EAQANLLTAK(1067.6590)HGMTLR,689,Rpb1,705,Rpb1,689.Rpb1,705.Rpb1,3.22,19.2,5,,,,,
724.424,3,1.1,K(1327.7500)VTSGVPR,SAGNIVQVFK(980.5655)K,1093,Rpb1,227,Rpb2,1093.Rpb1,227.Rpb2,3.14,24.8,2,,,,,
1231.661,3,3.2,LK(2665.3058)EILNVAK,NMK(1164.7118)TPSLTVYLEPGHAADQEQAK,1102,Rpb1,1112,Rpb1,1102.Rpb1,1112.Rpb1,3.10,12.0,45,,,,,
566.340,3,-0.6,K(1136.6666)DGLK,SGRPVK(697.4010)SIR,176,Rpb1,323,Rpb1,176.Rpb1,323.Rpb1,3.09,24.5,9,,,,,
552.926,5,-0.8,TIK(1612.8937)ATLPYIK,K(1284.7693)AAPSPISHVAEIR,270,Rpb2,228,Rpb2,270.Rpb2,228.Rpb2,3.07,15.2,2,,,,,
568.693,5,0.1,TVK(1733.8341)EMVKDR,AK(1242.6642)YC(Carbamidomethyl)DSMGRPQRK,20,Rpb5,45,Rpb5,20.Rpb5,45.Rpb5,2.95,16.4,3,,,,,
848.129,6,1.9,VLDVTKEAQANLLTAK(2674.3966)HGMTLR,TPSLTVYLEPGHAADQEQAK(2546.3890)LIR,705,Rpb1,1132,Rpb1,705.Rpb1,1132.Rpb1,2.93,14.2,11,,,,,
636.739,5,0.2,LRHMVDDK(1688.8635)IHAR,NGPNEHPGAK(1627.8617)YVIR,1102,Rpb2,403,Rpb1,1102.Rpb2,403.Rpb1,2.92,23.4,2,,,,,
844.696,4,1.1,K(2532.2537)VTSGVPR,AALYK(980.5655)EVYNVIASDGSYVNYR,1093,Rpb1,1350,Rpb1,1093.Rpb1,1350.Rpb1,2.88,18.4,2,,,,,
514.658,3,-1.2,ELLK(883.5379)R,K(795.4854)TLKEK,166,Rpb5,67,Rpb6,166.Rpb5,67.Rpb6,2.88,NA,39,,,,,
684.381,4,-0.7,K(1890.9986)VTSGVPR,EAQANLLTAK(980.5655)HGMTLR,1093,Rpb1,705,Rpb1,1093.Rpb1,705.Rpb1,2.85,16.0,15,,,,,
946.992,6,1.6,K(4705.3837)YEISFGK,TYEAIDVPGRELK(1108.5805)YELIAEESEDDSESGKVFIGRLPIMLR,87,Rpb2,148,Rpb2,87.Rpb2,148.Rpb2,2.73,NA,6,,,,,
651.880,4,1.1,K(1760.9897)VTSGVPR,TNTPIGRDGK(980.5655)LAKPR,1093,Rpb1,507,Rpb2,1093.Rpb1,507.Rpb2,2.72,NA,5,,,,,
1233.949,6,2.3,EKELESIDVLLEQTTGGNNK(3469.6824)DLKNTMQYLTNFSR,HLMPQDLTFNAGSNPPSYQSSEDVITIK(4066.0205)SR,139,Rpb4,140,Rpb7,139.Rpb4,140.Rpb7,2.70,19.2,4,,,,,
802.407,5,-1.5,VVMMK(2966.4920)YDR,EAQANLLTAK(1178.5828)HGMTLRESFEDNVVR,1286,Rpb1,705,Rpb1,1286.Rpb1,705.Rpb1,2.70,16.0,22,,,,,
925.091,5,7.8,K(3777.8825)VTSGVPR,GLTPQEFFFHAMGGREGLIDTAVK(980.5655)TAETGYIQR,1093,Rpb1,830,Rpb1,1093.Rpb1,830.Rpb1,2.69,19.1,5,,,,,
535.303,3,-0.2,K(924.5393)AMSSR,LK(816.4164)GKEGR,471,Rpb2,330,Rpb1,471.Rpb2,330.Rpb1,2.66,NA,10,,,,,
642.055,3,2.0,LKGK(1136.6666)EGR,SGRPVK(924.5393)SIR,332,Rpb1,323,Rpb1,332.Rpb1,323.Rpb1,2.64,15.1,19,,,,,
888.220,4,6.0,DGK(2665.3058)LAKPR,NMK(1021.5920)TPSLTVYLEPGHAADQEQAK,507,Rpb2,1112,Rpb1,507.Rpb2,1112.Rpb1,2.56,NA,17,,,,,
554.815,4,-0.9,FLNEARDK(939.5641)AGR,K(1413.7365)VLDVTK,728,Rpb1,689,Rpb1,728.Rpb1,689.Rpb1,2.56,14.8,19,,,,,
624.111,4,0.7,K(1511.8381)GIAKEHAK,KGQELK(1118.6448)LTC(Carbamidomethyl)VAK,161,Rpb3,154,Rpb3,161.Rpb3,154.Rpb3,2.55,23.7,2,,,,,
695.743,3,-1.1,ELLK(1426.7932)R,YRLK(795.4854)ESQLPR,166,Rpb5,171,Rpb5,166.Rpb5,171.Rpb5,2.53,8.8,18,,,,,
991.008,4,6.4,HGQK(2630.2621)GTIGITYR,NTYQSAMGK(1467.7834)QAMGVFLTNYNVR,987,Rpb2,775,Rpb2,987.Rpb2,775.Rpb2,2.51,12.7,2,,,,,
469.258,4,4.9,K(1171.5873)GQELK,YNPLEK(839.4753)RD,149,Rpb3,68,Rpb10,149.Rpb3,68.Rpb10,2.48,NA,20,,,,,
878.975,4,1.3,SALEK(2665.4116)GSR,DILQK(984.5240)EFLPHITQLEGFESRK,246,Rpb2,358,Rpb2,246.Rpb2,358.Rpb2,2.46,14.6,16,,,,,
965.504,3,2.0,1688.8635-M(Met-loss)VGQQYSSAPLR,NGPNEHPGAK(1342.6881)YVIR,1,Rpb1,403,Rpb1,1.Rpb1,403.Rpb1,2.46,NA,2,,,,,
826.484,3,2.9,RGEVVK(1407.7470)IIR,GK(1206.7448)NEIIQNAQR,197,Rpb5,1003,Rpb1,197.Rpb5,1003.Rpb1,2.42,20.8,3,,,,,
443.262,5,0.3,DGK(1327.7500)LAKPR,SAGNIVQVFK(1021.5920)K,507,Rpb2,227,Rpb2,507.Rpb2,227.Rpb2,2.33,NA,3,,,,,
928.738,4,1.2,ILPTDGSAEFNVK(2002.0411)YR,TVK(1846.9465)EVQFGLFSPEEVR,73,Rpb7,15,Rpb1,73.Rpb7,15.Rpb1,2.33,23.0,2,,,,,
963.722,4,-3.0,HMVDDK(2630.2621)IHAR,NTYQSAMGK(1358.6765)QAMGVFLTNYNVR,1102,Rpb2,775,Rpb2,1102.Rpb2,775.Rpb2,2.31,19.4,8,,,,,
991.543,3,1.5,LK(2002.0411)ESQLPR,TVK(1107.6288)EVQFGLFSPEEVR,171,Rpb5,15,Rpb1,171.Rpb5,15.Rpb1,2.29,21.2,2,,,,,
1263.160,4,1.0,K(4206.1082)VTSGVPR,KVPSPTGEYVK(980.5655)EPEWVLETDGVNLSEVMTVPGIDPTR,1093,Rpb1,1300,Rpb1,1093.Rpb1,1300.Rpb1,2.29,25.1,2,,,,,
735.717,3,-1.6,TAYHSK(1342.6881)R,999.5138-M(Met-loss)VGQQYSSAPLR,934,Rpb2,1,Rpb1,934.Rpb2,1.Rpb1,2.28,NA,2,,,,,
485.291,5,0.8,DGK(1537.8902)LAKPR,LKEILNVAK(1021.5920)NMK,507,Rpb2,1109,Rpb1,507.Rpb2,1109.Rpb1,2.24,NA,2,,,,,
833.146,3,-0.5,DGKLAK(1612.8937)PR,K(1021.5920)AAPSPISHVAEIR,510,Rpb2,228,Rpb2,510.Rpb2,228.Rpb2,2.20,15.9,12,,,,,
655.565,5,3.0,TLK(1846.9465)EKAIPKDQR,ILPTDGSAEFNVK(1563.8984)YR,70,Rpb6,73,Rpb7,70.Rpb6,73.Rpb7,2.20,NA,2,,,,,
725.652,4,3.8,MILTHVDLIEK(1171.5873)FLR,YNPLEK(1865.0485)RD,59,Rpb10,68,Rpb10,59.Rpb10,68.Rpb10,2.15,NA,1,,,,,
714.375,4,1.1,K(2175.1212)AMSSR,TITSGLK(816.4164)YALATGNWGEQK,471,Rpb2,458,Rpb2,471.Rpb2,458.Rpb2,2.09,NA,2,,,,,
613.017,3,-0.3,K(1157.6808)AMSSR,KLTK(816.4164)DIFR,471,Rpb2,426,Rpb2,471.Rpb2,426.Rpb2,2.05,NA,4,,,,,
619.705,3,-3.6,K(1110.6285)TLKEK,QALAIK(883.5379)DSK,67,Rpb6,129,Rpb1,67.Rpb6,129.Rpb1,2.04,NA,2,,,,,
824.917,4,1.1,K(2532.2537)SETSGR,AALYK(901.4505)EVYNVIASDGSYVNYR,201,Rpb5,1350,Rpb1,201.Rpb5,1350.Rpb1,2.03,14.0,5,,,,,
651.401,3,-0.6,LKGK(1164.7118)EGR,LK(924.5393)EILNVAK,332,Rpb1,1102,Rpb1,332.Rpb1,1102.Rpb1,2.01,21.5,2,,,,,
471.962,3,3.6,ELLK(755.4429)R,TLK(795.4854)EK,166,Rpb5,70,Rpb6,166.Rpb5,70.Rpb6,1.90,NA,14,,,,,
615.636,3,3.1,K(1165.5325)AMSSR,SYMDQEK(816.4164)K,471,Rpb2,864,Rpb2,471.Rpb2,864.Rpb2,1.90,NA,2,,,,,
404.244,4,-2.7,DK(1067.6590)AGR,K(683.3602)KVLDVTK,728,Rpb1,688,Rpb1,728.Rpb1,688.Rpb1,1.73,16.3,2,,,,,
484.946,3,-0.4,TLFK(816.4164)K,K(773.4687)AMSSR,422,Rpb2,471,Rpb2,422.Rpb2,471.Rpb2,1.65,NA,2,,,,,
837.686,4,0.8,K(2504.2152)VTSGVPR,GSFINIAQMSAC(Carbamidomethyl)VGQQSVEGK(980.5655)R,1093,Rpb1,773,Rpb1,1093.Rpb1,773.Rpb1,1.53,12.4,4,,,,,
875.148,3,1.5,K(1602.8042)LTKDIFR,YALATGNWGEQK(1157.6808)K,423,Rpb2,470,Rpb2,423.Rpb2,470.Rpb2,1.50,NA,2,,,,,
401.388,6,1.1,HMVDDK(1181.6703)IHAR,IRGNLMGK(1358.6765)R,1102,Rpb2,343,Rpb1,1102.Rpb2,343.Rpb1,1.48,20.6,9,,,,,
592.334,3,-0.7,MK(964.5342)QYLK,AIPK(947.5150)DQR,23,Rpb7,76,Rpb6,23.Rpb7,76.Rpb6,1.47,23.2,3,,,,,
706.708,3,-1.8,GNLMGK(1342.6881)R,912.4851-M(Met-loss)VGQQYSSAPLR,343,Rpb1,1,Rpb1,343.Rpb1,1.Rpb1,1.45,NA,3,,,,,
567.326,3,0.5,LK(912.4851)GKEGR,GNLMGK(924.5393)R,330,Rpb1,343,Rpb1,330.Rpb1,343.Rpb1,1.40,16.0,6,,,,,
651.932,7,-0.1,K(3793.0931)SETSGR,LVPSIPPATIETFNEAALVVNITHHELVPK(901.4505)HIR,201,Rpb5,152,Rpb5,201.Rpb5,152.Rpb5,1.40,10.1,1,,,,,
555.298,3,0.1,K(984.5240)AMSSR,SALEK(816.4164)GSR,471,Rpb2,246,Rpb2,471.Rpb2,246.Rpb2,1.38,NA,1,,,,,
854.801,3,2.4,K(2002.0411)DGLK,TVK(697.4010)EVQFGLFSPEEVR,176,Rpb1,15,Rpb1,176.Rpb1,15.Rpb1,1.37,39.6,2,,,,,
522.636,3,-2.4,TLK(947.5150)EK,MK(755.4429)QYLK,70,Rpb6,23,Rpb7,70.Rpb6,23.Rpb7,1.34,NA,5,,,,,
623.690,3,0.6,DGK(984.5240)LAKPR,SALEK(1021.5920)GSR,507,Rpb2,246,Rpb2,507.Rpb2,246.Rpb2,1.34,NA,2,,,,,
362.621,5,1.6,DGK(924.5393)LAKPR,LK(1021.5920)GKEGR,507,Rpb2,330,Rpb1,507.Rpb2,330.Rpb1,1.31,NA,6,,,,,
340.996,5,0.8,DGK(816.4164)LAKPR,K(1021.5920)AMSSR,507,Rpb2,471,Rpb2,507.Rpb2,471.Rpb2,1.30,NA,3,,,,,
680.705,3,0.7,AK(999.5138)IGGLNDPR,TAYHSK(1177.6455)R,49,Rpb1,934,Rpb2,49.Rpb1,934.Rpb2,1.30,25.0,2,,,,,
689.396,3,1.2,ELLK(1407.7470)R,GK(795.4854)NEIIQNAQR,166,Rpb5,1003,Rpb1,166.Rpb5,1003.Rpb1,1.24,12.6,14,,,,,
739.961,5,-2.5,TAYHSK(2833.3303)R,SYMDQEKK(999.5138)YGMSITETFEKPQR,934,Rpb2,865,Rpb2,934.Rpb2,865.Rpb2,1.20,16.3,1,,,,,
624.636,7,-1.3,KGIAK(3384.8293)EHAK,LKIDPDTKAPNAVVITFEK(1118.6448)EDHTLGNLIR,165,Rpb3,37,Rpb11,165.Rpb3,37.Rpb11,1.17,11.3,1,,,,,
364.011,5,0.7,SGRPVK(816.4164)SIR,K(1136.6666)AMSSR,323,Rpb1,471,Rpb2,323.Rpb1,471.Rpb2,1.17,NA,6,,,,,
395.034,5,2.2,RGEVVK(901.4505)IIR,K(1206.7448)SETSGR,197,Rpb5,201,Rpb5,197.Rpb5,201.Rpb5,1.16,13.3,6,,,,,
871.822,3,0.4,ILK(1177.6455)ELSNLETLY,AK(1572.8651)IGGLNDPR,212,Rpb4,49,Rpb1,212.Rpb4,49.Rpb1,1.12,74.7,1,,,,,
821.824,5,0.2,VVMM(Oxidation)K(3047.5750)YDR,NMKTPSLTVYLEPGHAADQEQAK(1194.5777)LIR,1286,Rpb1,1132,Rpb1,1286.Rpb1,1132.Rpb1,1.12,13.0,3,,,,,
481.289,3,-1.1,K(878.4862)FLR,Q(Gln->pyro-Glu)LVK(700.4272)DR,941,Rpb1,938,Rpb1,941.Rpb1,938.Rpb1,1.09,5.5,7,,,,,
700.753,3,3.2,LSSDEK(626.4003)RELLKR,K(1610.8992)TLK,161,Rpb5,67,Rpb6,161.Rpb5,67.Rpb6,1.05,NA,2,,,,,
623.601,4,0.9,K(2002.0411)TLK,TVK(626.4003)EVQFGLFSPEEVR,67,Rpb6,15,Rpb1,67.Rpb6,15.Rpb1,1.04,NA,3,,,,,
708.574,5,0.9,HMVDDK(2317.2206)IHAR,SIAK(1358.6765)TLTYPEVVTPYNIDR,1102,Rpb2,372,Rpb1,1102.Rpb2,372.Rpb1,1.02,16.6,2,,,,,
620.541,5,-0.2,LKGK(2311.1995)EGR,RLVK(924.5393)ALEDIMVHYDNTTR,332,Rpb1,843,Rpb1,332.Rpb1,843.Rpb1,1.01,14.0,2,,,,,
592.318,3,0.1,GNLMGK(999.5138)R,TAYHSK(912.4851)R,343,Rpb1,934,Rpb2,343.Rpb1,934.Rpb2,0.98,38.0,1,,,,,
495.630,3,-3.5,K(924.5393)DGLK,LKGK(697.4010)EGR,176,Rpb1,332,Rpb1,176.Rpb1,332.Rpb1,0.95,30.3,1,,,,,
475.027,4,-0.8,K(1407.7470)TLK,GK(626.4003)NEIIQNAQR,67,Rpb6,1003,Rpb1,67.Rpb6,1003.Rpb1,0.95,NA,3,,,,,
874.147,3,0.9,TLK(2002.0411)EK,TVK(755.4429)EVQFGLFSPEEVR,70,Rpb6,15,Rpb1,70.Rpb6,15.Rpb1,0.92,NA,4,,,,,
1050.333,5,1.2,VVMMK(4206.1082)YDR,KVPSPTGEYVK(1178.5828)EPEWVLETDGVNLSEVMTVPGIDPTR,1286,Rpb1,1300,Rpb1,1286.Rpb1,1300.Rpb1,0.90,11.4,4,,,,,
839.725,4,-2.0,ILLK(2642.3803)AR,STENGIVDQVLVTTNQDGLK(850.5640)FVK,58,Rpb12,962,Rpb2,58.Rpb12,962.Rpb2,0.81,14.2,2,,,,,
615.850,4,8.2,SALEK(1612.8937)GSR,K(984.5240)AAPSPISHVAEIR,246,Rpb2,228,Rpb2,246.Rpb2,228.Rpb2,0.80,33.1,2,,,,,
1191.646,3,3.0,EK(3140.6546)R,IQYAK(569.3173)DILQKEFLPHITQLEGFESR,347,Rpb2,353,Rpb2,347.Rpb2,353.Rpb2,0.78,11.0,4,,,,,
731.410,4,6.8,AMEYLK(1865.0485)FR,MILTHVDLIEK(1194.6107)FLR,813,Rpb2,59,Rpb10,813.Rpb2,59.Rpb10,0.76,14.1,1,,,,,
623.523,5,-0.4,GNLMGK(2338.1627)R,MK(912.4851)HGTYDKLDDDGLIAPGVR,343,Rpb1,886,Rpb2,343.Rpb1,886.Rpb2,0.70,29.6,1,,,,,
388.962,4,1.2,YSK(999.5138)R,TAYHSK(690.3701)R,419,Rpb1,934,Rpb2,419.Rpb1,934.Rpb2,0.69,30.1,6,,,,,
456.540,4,0.1,ELLK(1164.7118)R,TLKEK(795.4854)AIPK,166,Rpb5,72,Rpb6,166.Rpb5,72.Rpb6,0.67,15.0,11,,,,,
923.904,5,1.0,TLKEK(3188.6506)AIPKDQR,1563.8984-M(Met-loss)VGQQYSSAPLRTVKEVQFGLFSPEEVR,72,Rpb6,1,Rpb1,72.Rpb6,1.Rpb1,0.66,NA,1,,,,,
471.949,3,-0.7,AFK(892.5131)R,SQKK(658.3802)HK,71,Rpb4,76,Rpb4,71.Rpb4,76.Rpb4,0.64,9.3,7,,,,,
841.656,5,0.6,STENGIVDQVLVTTNQDGLK(1698.9305)FVK,TTK(2642.3803)IPQIGDKFASR,962,Rpb2,972,Rpb2,962.Rpb2,972.Rpb2,0.63,32.5,1,,,,,
327.195,4,1.4,K(816.4164)LTK,K(626.4003)AMSSR,423,Rpb2,471,Rpb2,423.Rpb2,471.Rpb2,0.54,NA,7,,,,,
478.790,4,0.4,LAK(1327.7500)PR,SAGNIVQVFK(721.4487)K,510,Rpb2,227,Rpb2,510.Rpb2,227.Rpb2,0.49,15.3,1,,,,,
746.934,4,-1.5,SALEK(2137.2551)GSR,ATLPYIK(984.5240)QDIPIVIIFR,246,Rpb2,277,Rpb2,246.Rpb2,277.Rpb2,0.45,27.9,1,,,,,
480.033,4,-3.2,K(1356.7653)EKR,IQYAK(697.4123)DILQK,345,Rpb2,353,Rpb2,345.Rpb2,353.Rpb2,0.45,13.8,5,,,,,
747.411,4,0.9,DGK(2102.0895)LAKPR,EGLIDTAVK(1021.5920)TAETGYIQR,507,Rpb2,830,Rpb1,507.Rpb2,830.Rpb1,0.44,NA,3,,,,,
596.336,3,1.3,LKGK(999.5138)EGR,TAYHSK(924.5393)R,332,Rpb1,934,Rpb2,332.Rpb1,934.Rpb2,0.41,42.4,1,,,,,
539.054,4,0.8,DK(1606.8930)AGR,LAEVNLK(683.3602)DLNNVK,728,Rpb1,738,Rpb1,728.Rpb1,738.Rpb1,0.37,17.6,1,,,,,
371.975,4,-2.0,K(924.5393)DGLK,LK(697.4010)GKEGR,176,Rpb1,330,Rpb1,176.Rpb1,330.Rpb1,0.32,24.3,1,,,,,
482.283,3,4.5,LK(999.5138)GK,TAYHSK(582.3741)R,330,Rpb1,934,Rpb2,330.Rpb1,934.Rpb2,0.28,43.0,1,,,,,
556.002,3,-0.7,TLFK(1029.5859)K,LTK(773.4687)DIFR,422,Rpb2,426,Rpb2,422.Rpb2,426.Rpb2,0.26,6.0,9,,,,,
535.303,3,0.5,K(924.5393)AMSSR,LKGK(816.4164)EGR,471,Rpb2,332,Rpb1,471.Rpb2,332.Rpb1,0.21,NA,2,,,,,
408.241,4,-9.1,FK(1066.5910)LR,LK(700.4272)IDPDTK,72,Rpb11,20,Rpb11,72.Rpb11,20.Rpb11,0.17,9.4,2,,,,,
435.598,3,-0.5,SQK(814.4814)K,RAFK(627.3592)R,75,Rpb4,71,Rpb4,75.Rpb4,71.Rpb4,0.14,6.9,5,,,,,
568.328,3,0.8,SQKK(947.5150)HK,MK(892.5131)QYLK,76,Rpb4,23,Rpb7,76.Rpb4,23.Rpb7,0.13,15.7,7,,,,,
488.942,3,-3.9,K(901.4505)FLR,K(700.4272)SETSGR,941,Rpb1,201,Rpb5,941.Rpb1,201.Rpb5,0.11,13.2,1,,,,,
918.236,4,0.8,K(2730.3534)VLFAAYK,IQTTEGYDPK(1076.6270)DALKNAC(Carbamidomethyl)NSIINK,55,Rpb11,84,Rpb11,55.Rpb11,84.Rpb11,0.10,12.3,1,,,,,
470.515,4,1.3,ILLK(1165.5325)AR,SYMDQEK(850.5640)K,58,Rpb12,864,Rpb2,58.Rpb12,864.Rpb2,0.03,22.0,1,,,,,
